Expression,Kana,Type,Accent,Chinese-Meaning,Verb-Type,Category
やむ,やむ,Verb,[0],結束/停止,自五,-
おる,おる,Verb,[1],在/有,自五,-
合う,あう,Verb,[1],適合/會和/一致,自五,-
空く,あく,Verb,[0],空出/空閒,自五,-
空く,すく,Verb,[0],空隙/餓,自五,-
泣く,なく,Verb,[0],哭泣,自五,-
沸く,わく,Verb,[0],沸騰,自五,-
着く,つく,Verb,[1],到達,自五,-
勝つ,かつ,Verb,[1],勝利/獲勝/贏,自五,-
込む,こむ,Verb,[1],擁擠/進入,自五,-
済む,すむ,Verb,[1],解決,自五,-
鳴る,なる,Verb,[0],響;鳴,自五,-
寄る,よる,Verb,[0],靠近/順道,自五,-
向かう,むかう,Verb,[0],向/往/面對,自五,-
通う,かよう,Verb,[0],通學/往來/通行,自五,-
笑う,わらう,Verb,[0],笑,自五,-
動く,うごく,Verb,[2],動/行動,自五,-
続く,つづく,Verb,[0],繼續/連續,自五,-
乾く,かわく,Verb,[2],乾涸/口乾/乾燥,自五,-
急ぐ,いそぐ,Verb,[2],急/快點,自五,-
騒ぐ,さわぐ,Verb,[2],騷動/吵鬧,自五,-
進む,すすむ,Verb,[0],前進/進展,自五,-
参る,まいる,Verb,[1],來/去/輸/傷腦筋,自五,-
光る,ひかる,Verb,[2],發光,自五,-
通る,とおる,Verb,[1],透過/通過,自五,-
治る,なおる,Verb,[2],治療,自五,-
直る,なおる,Verb,[2],修理/改正/更正,自五,-
踊る,おどる,Verb,[0],跳舞,自五,-
戻る,もどる,Verb,[2],返回,自五,-
怒る,おこる,Verb,[2],生氣,自五,-
太る,ふとる,Verb,[2],肥胖,自五,-
残る,のこる,Verb,[2],殘餘/剩下,自五,-
移る,うつる,Verb,[2],移動/變遷,自五,-
滑る,すべる,Verb,[2],滑,自五,-
眠る,ねむる,Verb,[0],睡覺,自五,-
触る,さわる,Verb,[0],觸摸,自五,-
回る,まわる,Verb,[0],旋轉/巡視,自五,-
謝る,あやまる,Verb,[3],道歉/謝罪,自五,-
驚く,おどろく,Verb,[3],驚訝/大驚,自五,-
喜ぶ,よろこぶ,Verb,[3],喜悅,自五,-
上がる,あがる,Verb,[0],上升/抬起,自五,-
下がる,さがる,Verb,[2],下降/退下/下班/放學,自五,-
変わる,かわる,Verb,[0],變化/異於一般,自五,-
決まる,きまる,Verb,[0],決定,自五,-
泊まる,とまる,Verb,[0],停泊/留宿,自五,-
集まる,あつまる,Verb,[3],集合,自五,-
頑張る,がんばる,Verb,[3],加油/努力,自五,-
間に合う,まにあう,Verb,[3],來得及/趕上,自五,-
見つかる,みつかる,Verb,[0],發現/找出,自五,-
いらっしゃる,いらっしゃる,Verb,[4],有/在/來/去的敬語,自五,-
似る,にる,Verb,[0],像/相似,自上,-
下りる,おりる,Verb,[2],降落/下(車)/退出,自上,-
出来る,できる,Verb,[2],辦得到/做完/完成,自上,-
生きる,いきる,Verb,[2],活/生存/有用,自上,-
足りる,たりる,Verb,[0],足夠,自上,-
落ちる,おちる,Verb,[2],掉/凋零,自上,-
過ぎる,すぎる,Verb,[2],過分/過度,自上,-
暮れる,くれる,Verb,[0],天黑/入夜,自下,-
慣れる,なれる,Verb,[2],習慣/熟悉,自下,-
冷える,ひえる,Verb,[2],變冷,自下,-
増える,ふえる,Verb,[2],增加,自下,-
見える,みえる,Verb,[2],看得見,自下,-
焼ける,やける,Verb,[0],燃燒/吃醋/天空變紅,自下,-
逃げる,にげる,Verb,[2],逃跑/逃避,自下,-
痩せる,やせる,Verb,[0],瘦,自下,-
折れる,おれる,Verb,[2],折斷/彎曲,自下,-
濡れる,ぬれる,Verb,[0],淋濕,自下,-
揺れる,ゆれる,Verb,[0],動搖/搖晃,自下,-
割れる,われる,Verb,[0],破/碎,自下,-
遅れる,おくれる,Verb,[0],遲/過時,自下,-
汚れる,よごれる,Verb,[0],髒,自下,-
壊れる,こわれる,Verb,[3],損壞/故障,自下,-
別れる,わかれる,Verb,[3],分手/離別,自下,-
倒れる,たおれる,Verb,[3],倒/塌陷/倒閉/病倒,自下,-
聞こえる,きこえる,Verb,[0],聽得到,自下,-
やる,やる,Verb,[0],做/給/送,他五,-
折る,おる,Verb,[1],折/彎,他五,-
塗る,ぬる,Verb,[0],塗抹,他五,-
釣る,つる,Verb,[0],釣魚/勾引,他五,-
焼く,やく,Verb,[0],燒/烤,他五,-
踏む,ふむ,Verb,[0],踩/踏,他五,-
噛む,かむ,Verb,[1],咬,他五,-
足す,たす,Verb,[0],加/添,他五,-
思う,おもう,Verb,[2],想/認為,他五,-
払う,はらう,Verb,[2],支付,他五,-
貰う,もらう,Verb,[0],得到/領取,他五,-
拾う,ひろう,Verb,[0],撿起/挑選,他五,-
申す,もうす,Verb,[1],說/講,他五,-
直す,なおす,Verb,[2],修改/重做/修理,他五,-
探す,さがす,Verb,[0],尋找,他五,-
致す,いたす,Verb,[2],做,他五,-
写す,うつす,Verb,[2],抄寫/拍照,他五,-
移す,うつす,Verb,[2],移動,他五,-
壊す,こわす,Verb,[2],弄壞,他五,-
打つ,うつ,Verb,[1],打/拍/擊,他五,-
選ぶ,えらぶ,Verb,[2],選擇,他五,-
盗む,ぬすむ,Verb,[2],偷竊/盜取,他五,-
包む,つつむ,Verb,[2],包/.裹/籠罩,他五,-
叱る,しかる,Verb,[0],喝斥/責罵,他五,-
送る,おくる,Verb,[0],送/派遣,他五,-
飾る,かざる,Verb,[0],裝飾,他五,-
祈る,いのる,Verb,[2],祈禱,他五,-
伺う,うかがう,Verb,[0],拜訪/打聽,他五,-
行う,おこなう,Verb,[0],舉行,他五,-
頂く,いただく,Verb,[0],得到/蒙受,他五,-
仰る,おっしゃる,Verb,[3],說/講,他五,-
落とす,おとす,Verb,[2],掉落,他五,-
起こす,おこす,Verb,[2],引起/喚起/掀起,他五,-
下さる,くださる,Verb,[3],給予,他五,-
手伝う,てつだう,Verb,[3],幫忙,他五,-
沸かす,わかす,Verb,[0],使沸騰,他五,-
引っ越す,ひっこす,Verb,[3],搬家,他五,-
思い出す,おもいだす,Verb,[4],想起來,他五,-
召し上がる,めしあがる,Verb,[0],吃/喝,他五,-
世話,せわ,Verb,[2],照顧/照料,他サ變複合,-
利用,りよう,Verb,[0],利用/使用,他サ變複合,-
講義,こうぎ,Verb,[1],講座/課程,他サ變複合,-
邪魔,じゃま,Verb,[0],打擾/妨礙,他サ變複合,-
予定,よてい,Verb,[0],預定,他サ變複合,-
予約,よやく,Verb,[0],預約,他サ變複合,-
予習,よしゅう,Verb,[0],預習,他サ變複合,-
遠慮,えんりょ,Verb,[0],客氣/謝絕,他サ變複合,-
承知,しょうち,Verb,[0],知道/同意,他サ變複合,-
準備,じゅんび,Verb,[1],準備,他サ變複合,-
中止,ちゅうし,Verb,[0],中止/停止,他サ變複合,-
輸出,ゆしゅつ,Verb,[0],輸出/出口(貿易),他サ變複合,-
輸入,ゆにゅう,Verb,[0],輸入/進口(貿易),他サ變複合,-
案内,あんない,Verb,[3],引導/嚮導/帶路,他サ變複合,-
運転,うんてん,Verb,[0],駕駛/運轉,他サ變複合,-
計画,けいかく,Verb,[0],計畫,他サ變複合,-
経験,けいけん,Verb,[0],經驗,他サ變複合,-
見物,けんぶつ,Verb,[0],參觀/遊覽,他サ變複合,-
見学,けんがく,Verb,[0],參觀/見習,他サ變複合,-
生産,せいさん,Verb,[0],生產,他サ變複合,-
説明,せつめい,Verb,[0],說明,他サ變複合,-
相談,そうだん,Verb,[0],商量,他サ變複合,-
拝見,はいけん,Verb,[0],看、讀,他サ變複合,-
発音,はつおん,Verb,[0],發音,他サ變複合,-
放送,ほうそう,Verb,[0],播放/廣播,他サ變複合,-
翻訳,ほんやく,Verb,[0],翻譯,他サ變複合,-
通訳,つうやく,Verb,[1],口譯,他サ變複合,-
約束,やくそく,Verb,[0],約定,他サ變複合,-
連絡,れんらく,Verb,[0],聯絡,他サ變複合,-
教育,きょういく,Verb,[0],教育,他サ變複合,-
競争,きょうそう,Verb,[0],競爭,他サ變複合,-
研究,けんきゅう,Verb,[0],研究,他サ變複合,-
紹介,しょうかい,Verb,[0],介紹,他サ變複合,-
招待,しょうたい,Verb,[1],招待,他サ變複合,-
注射,ちゅうしゃ,Verb,[0],注射/打針,他サ變複合,-
復習,ふくしゅう,Verb,[0],複習,他サ變複合,-
やめる,やめる,Verb,[0],停止/取消/作罷,他下,-
くれる,くれる,Verb,[0],給(我方),他下,-
植える,うえる,Verb,[0],種植/培育,他下,-
変える,かえる,Verb,[0],轉變/更改,他下,-
掛ける,かける,Verb,[2],花費/坐/掛,他下,-
付ける,つける,Verb,[2],安裝/附上,他下,-
漬ける,つける,Verb,[0],醃/泡,他下,-
挙げる,あげる,Verb,[0],舉起/提拔,他下,-
下げる,さげる,Verb,[2],降低/懸掛,他下,-
投げる,なげる,Verb,[2],投,他下,-
捨てる,すてる,Verb,[0],捨棄/丟棄,他下,-
立てる,たてる,Verb,[2],立/揚起/傳播,他下,-
建てる,たてる,Verb,[2],建造/創立,他下,-
比べる,くらべる,Verb,[0],比較,他下,-
調べる,しらべる,Verb,[3],調查,他下,-
決める,きめる,Verb,[0],決定,他下,-
止める,とめる,Verb,[0],停止/制止,他下,-
褒める,ほめる,Verb,[2],誇獎/讚美,他下,-
育てる,そだてる,Verb,[3],養育/扶養,他下,-
尋ねる,たずねる,Verb,[3],尋找,他下,-
訪ねる,たずねる,Verb,[3],訪問,他下,-
苛める,いじめる,Verb,[0],虐待/欺侮/霸凌,他下,-
始める,はじめる,Verb,[0],開始,他下,-
集める,あつめる,Verb,[3],收集/集中,他下,-
迎える,むかえる,Verb,[0],迎接/接待,他下,-
伝える,つたえる,Verb,[0],傳達/轉告,他下,-
続ける,つづける,Verb,[0],繼續,他下,-
届ける,とどける,Verb,[3],送達,他下,-
考える,かんがえる,Verb,[4],思考/考慮,他下,-
知らせる,しらせる,Verb,[0],通知/告知,他下,-
見つける,みつける,Verb,[0],看到/找到,他下,-
片付ける,かたづける,Verb,[4],整理/解決/處理,他下,-
捕まえる,つかまえる,Verb,[0],抓住/捕捉,他下,-
間違える,まちがえる,Verb,[4],搞錯/弄錯,他下,-
取り替える,とりかえる,Verb,[0],交換/更新,他下,-
乗り換える,のりかえる,Verb,[4],換乘/改搭,他下,-
申し上げる,もうしあげる,Verb,[5],說、講,他下,-
差し上げる,さしあげる,Verb,[0],呈送/敬獻/舉起,他下,-
特に,とくに,Adverb,[1],特別,-,-
偶に,たまに,Adverb,[0],偶爾,-,-
確か,たしか,Adverb,[1],似乎、好像,-,-
殆ど,ほとんど,Adverb,[2],幾乎,-,-
急に,きゅうに,Adverb,[0],突然/驟然,-,-
暫く,しばらく,Adverb,[2],暫時,-,-
必ず,かならず,Adverb,[0],必定/必然,-,-
是非,ぜひ,Adverb,[1],務必,-,-
一度,いちど,Adverb,[0],一次,-,-
今度,こんど,Adverb,[1],這次/下次,-,-
大分,だいぶ,Adverb,[0],頗/很,-,-
随分,ずいぶん,Adverb,[1],相當/非常,-,-
大抵,たいてい,Adverb,[0],大致上/多半,-,-
大体,だいたい,Adverb,[0],大概,-,-
全然,ぜんぜん,Adverb,[0],全然/根本,-,-
勿論,もちろん,Adverb,[2],當然,-,-
決して,けっして,Adverb,[0],絕對(不)/斷然(不),-,-
例えば,たとえば,Adverb,[2],例如,-,-
将来,しょうらい,Adverb,[1],將來,-,-
十分,じゅうぶん,Adverb,[3],十分/充分,-,-
非常に,ひじょうに,Adverb,[0],非常,-,-
一生懸命,いっしょうけんめい,Adverb,[5],拚命地,-,-
まず,まず,Adverb,[1],首先,-,-
もし,もし,Adverb,[1],如果,-,-
やっと,やっと,Adverb,[0],好不容易/終於,-,-
きっと,きっと,Adverb,[0],一定,-,-
ずっと,ずっと,Adverb,[0],一直,-,-
さっき,さっき,Adverb,[1],剛才,-,-
いくら,いくら,Adverb,[1],多少(錢)/無論怎樣,-,-
やはり,やはり,Adverb,[2],果然(口語),-,-
やっぱり,やっぱり,Adverb,[3],果然,-,-
いっぱい,いっぱい,Adverb,[0],滿滿地/很多,-,-
これから,これから,Adverb,[0],從現在起/今後,-,-
しっかり,しっかり,Adverb,[3],好好地/振作/牢固,-,-
すっかり,すっかり,Adverb,[3],全/都/完全,-,-
それほど,それほど,Adverb,[0],那麼地(程度),-,-
なるほど,なるほど,Adverb,[0],原來如此,-,-
なかなか,なかなか,Adverb,[0],很/怎麼也(不),-,-
なるべく,なるべく,Adverb,[0],盡量,-,-
そろそろ,そろそろ,Adverb,[1],差不多/即將,-,-
ちっとも,ちっとも,Adverb,[3],一丁點,-,-
どんどん,どんどん,Adverb,[1],接連不斷/順利,-,-
はっきり,はっきり,Adverb,[3],清楚明確,-,-
もうすぐ,もうすぐ,Adverb,[3],馬上,-,-
とうとう,とうとう,Adverb,[1],終於/到底,-,-
できるだけ,できるだけ,Adverb,[0],盡可能,-,-
変,へん,Adjectival-Noun,[1],變化/奇怪/不正常,-,-
別,べつ,Adjectival-Noun,[0],別的/另外,-,-
味,あじ,Adjectival-Noun,[0],味道,-,-
駄目,だめ,Adjectival-Noun,[2],不行,-,-
無理,むり,Adjectival-Noun,[1],不講理/勉強/過分,-,-
危険,きけん,Adjectival-Noun,[0],危險,-,-
大事,だいじ,Adjectival-Noun,[3],重要/寶貴,-,-
盛ん,さかん,Adjectival-Noun,[0],繁榮/盛大,-,-
確か,たしか,Adjectival-Noun,[1],的確/確實,-,-
寝坊,ねぼう,Adjectival-Noun,[0],貪睡晚起,-,-
不便,ふべん,Adjectival-Noun,[1],不方便,-,-
自由,じゆう,Adjectival-Noun,[2],自由,-,-
邪魔,じゃま,Adjectival-Noun,[0],打擾/妨礙,-,-
適当,てきとう,Adjectival-Noun,[0],適當/合宜,-,-
特別,とくべつ,Adjectival-Noun,[0],特別/格外,-,-
必要,ひつよう,Adjectival-Noun,[0],必要/必須,-,-
複雑,ふくざつ,Adjectival-Noun,[0],複雜,-,-
安心,あんしん,Adjectival-Noun,[0],安心,-,-
安全,あんぜん,Adjectival-Noun,[0],安全,-,-
簡単,かんたん,Adjectival-Noun,[0],簡單,-,-
経済,けいざい,Adjectival-Noun,[1],經濟,-,-
残念,ざんねん,Adjectival-Noun,[3],遺憾/可惜,-,-
失礼,しつれい,Adjectival-Noun,[2],失禮/不禮貌,-,-
親切,しんせつ,Adjectival-Noun,[1],親切,-,-
心配,しんぱい,Adjectival-Noun,[0],擔心,-,-
丁寧,ていねい,Adjectival-Noun,[1],禮貌/鄭重/謹慎,-,-
熱心,ねっしん,Adjectival-Noun,[1],熱心/熱情/熱衷,-,-
反対,はんたい,Adjectival-Noun,[0],反對,-,-
随分,ずいぶん,Adjectival-Noun,[1],相當地/非常地,-,-
十分,じゅうぶん,Adjectival-Noun,[3],充分/足夠,-,-
真面目,まじめ,Adjectival-Noun,[0],認真的,-,-
一生懸命,いっしょうけんめい,Adjectival-Noun,[5],拚命的/努力的,-,-
久しぶり,ひさしぶり,Adjectival-Noun,[0],久違/好久(不見),-,-
Over,オーバー,Adjectival-Noun,[1],過度(over),-,-
Soft,ソフト,Adjectival-Noun,[1],柔軟(soft),-,-
Hard,ハード,Adjectival-Noun,[1],嚴酷(hard),-,-
酸っぱい,すっぱい,Adjective,[3],酸的,-,-
甘い,あまい,Adjective,[0],甜的,-,-
苦い,にがい,Adjective,[2],苦的,-,-
辛い,からい,Adjective,[2],辣的,-,-
深い,ふかい,Adjective,[2],深的,-,-
浅い,あさい,Adjective,[0],淺的,-,-
堅い,かたい,Adjective,[0],堅固的/堅定的,-,-
固い,かたい,Adjective,[0],堅固的/頑固的,-,-
硬い,かたい,Adjective,[0],硬的,-,-
眠い,ねむい,Adjective,[0],想睡/愛睏,-,-
酷い,ひどい,Adjective,[2],過分的/殘酷的,-,-
怖い,こわい,Adjective,[2],恐怖的/可怕的,-,-
正しい,ただしい,Adjective,[3],正確的,-,-
悲しい,かなしい,Adjective,[0],悲傷的/難過的,-,-
嬉しい,うれしい,Adjective,[3],高興的/開心的,-,-
美しい,うつくしい,Adjective,[4],美的/漂亮的,-,-
珍しい,めずらしい,Adjective,[4],罕見的/稀奇的,-,-
寂しい,さびしい,Adjective,[3],寂寞的/孤單的,-,-
細かい,こまかい,Adjective,[3],零碎的/詳細的,-,-
柔らかい,やわらかい,Adjective,[4],柔軟的,-,-
恥ずかしい,はずかしい,Adjective,[4],害羞的/可恥的,-,-
素晴らしい,すばらしい,Adjective,[4],了不起的/優秀的,-,-
うまい,うまい,Adjective,[2],好吃的/高明的,-,-
すごい,すごい,Adjective,[2],厲害的/了不起的,-,-
よろしい,よろしい,Adjective,[0],好的,-,-
おかしい,おかしい,Adjective,[3],奇怪的/可笑的,-,-
役,やく,Noun,[2],角色/職務,-,綜合
夢,ゆめ,Noun,[2],夢/夢想,-,綜合
点,てん,Noun,[0],點/分數/論點,-,綜合
倍,ばい,Noun,[0],倍/加倍,-,綜合
嘘,うそ,Noun,[1],謊言,-,綜合
事,こと,Noun,[2],事情,-,綜合
訳,わけ,Noun,[1],藉口/理由,-,綜合
形,かたち,Noun,[0],形狀,-,綜合
理由,りゆう,Noun,[0],理由,-,綜合
火事,かじ,Noun,[1],火災,-,綜合
事故,じこ,Noun,[1],事故,-,綜合
用事,ようじ,Noun,[0],事,-,綜合
会議,かいぎ,Noun,[1],會議,-,綜合
規則,きそく,Noun,[2],規則,-,綜合
試合,しあい,Noun,[0],比賽,-,綜合
具合,ぐあい,Noun,[0],狀況/狀態,-,綜合
都合,つごう,Noun,[0],方便/合適,-,綜合
機会,きかい,Noun,[2],機會,-,綜合
仕方,しかた,Noun,[0],方法,-,綜合
値段,ねだん,Noun,[0],價錢,-,綜合
戦争,せんそう,Noun,[0],戰爭,-,綜合
格好,かっこう,Noun,[0],打扮/樣子,-,綜合
関係,かんけい,Noun,[0],關係,-,綜合
社会,しゃかい,Noun,[1],社會,-,綜合
人口,じんこう,Noun,[0],人口,-,綜合
割合,わりあい,Noun,[0],比例,-,綜合
技術,ぎじゅつ,Noun,[1],技術,-,綜合
経済,けいざい,Noun,[1],經濟,-,綜合
お釣り,おつり,Noun,[0],找的零錢,-,綜合
お見舞い,おみまい,Noun,[0],探望/慰問,-,綜合
タイプ,タイプ,Noun,[1],類型,-,綜合
バイト,バイト,Noun,[0],打工(縮寫),-,綜合
アルバイト,アルバイト,Noun,[3],打工,-,綜合
湯,ゆ,Noun,[1],開水/溫泉/洗澡水,-,物品
糸,いと,Noun,[1],線/繩,-,物品
絹,きぬ,Noun,[1],絲綢/絲絹,-,物品
棚,たな,Noun,[0],架子,-,物品
鏡,かがみ,Noun,[3],鏡子,-,物品
畳,たたみ,Noun,[0],榻榻米,-,物品
お礼,おれい,Noun,[0],謝禮,-,物品
布団,ふとん,Noun,[0],棉被,-,物品
木綿,もめん,Noun,[0],棉花,-,物品
日記,にっき,Noun,[0],日記,-,物品
道具,どうぐ,Noun,[3],道具,-,物品
玩具,おもちゃ,Noun,[2],玩具,-,物品
品物,しなもの,Noun,[0],物品/貨品,-,物品
人形,にんぎょう,Noun,[0],人偶/娃娃,-,物品
押入れ,おしいれ,Noun,[0],壁櫥,-,物品
お土産,おみやげ,Noun,[0],土產/伴手禮,-,物品
贈り物,おくりもの,Noun,[0],贈物/禮品,-,物品
忘れ物,わすれもの,Noun,[0],遺失物,-,物品
引き出し,ひきだし,Noun,[0],抽屜,-,物品
Glass,ガラス,Noun,[0],玻璃,-,物品
Piano,ピアノ,Noun,[0],鋼琴,-,物品
Curtain,カーテン,Noun,[1],窗簾,-,物品
Text,テキスト,Noun,[1],教科書,-,物品
Gasoline,ガソリン,Noun,[0],汽油,-,物品
Present,プレゼント,Noun,[2],禮物,-,物品
Alcohol,アルコール,Noun,[0],酒精,-,物品
Suitcase,スーツケース,Noun,[4],手提箱,-,物品
踊り,おどり,Noun,[0],跳舞/舞蹈,-,休閒
武道,ぶどう,Noun,[1],武藝,-,休閒
相撲,すもう,Noun,[0],相撲,-,休閒
趣味,しゅみ,Noun,[1],興趣,-,休閒
花見,はなみ,Noun,[3],賞櫻花,-,休閒
花火,はなび,Noun,[1],煙火,-,休閒
読書,どくしょ,Noun,[1],讀書,-,休閒
運動,うんどう,Noun,[0],運動,-,休閒
剣道,けんどう,Noun,[1],劍道,-,休閒
柔道,じゅうどう,Noun,[1],柔道,-,休閒
お祭り,おまつり,Noun,[0],祭典/廟會,-,休閒
昼休み,ひるやすみ,Noun,[3],午休,-,休閒
花火大会,はなびたいかい,Noun,[4],煙火大會,-,休閒
Sketch,スケッチ,Noun,[2],素描,-,休閒
Drive,ドライブ,Noun,[2],開車,-,休閒
Taekwondo,テコンドー,Noun,[2],跆拳道,-,休閒
Concert,コンサート,Noun,[1][3],音樂會/演唱會,-,休閒
地理,ちり,Noun,[1],地理,-,專業
医学,いがく,Noun,[1],醫學,-,專業
科学,かがく,Noun,[1],科學,-,專業
政治,せいじ,Noun,[0],政治,-,專業
文化,ぶんか,Noun,[1],文化,-,專業
漫画,まんが,Noun,[0],漫畫,-,專業
語学,ごがく,Noun,[1],語學,-,專業
専門,せんもん,Noun,[0],專門,-,專業
文学,ぶんがく,Noun,[1],文學,-,專業
文法,ぶんぽう,Noun,[0],文法,-,專業
法律,ほうりつ,Noun,[0],法律,-,專業
体育,たいいく,Noun,[1],體育,-,專業
建築,けんちく,Noun,[0],建築,-,專業
数学,すうがく,Noun,[0],數學,-,專業
芸術,げいじゅつ,Noun,[0],藝術,-,專業
工業,こうぎょう,Noun,[1],工業,-,專業
産業,さんぎょう,Noun,[0],產業,-,專業
機械,きかい,Noun,[2],機械,-,電器
電気,でんき,Noun,[1],電力/電流,-,電器
電灯,でんとう,Noun,[0],電燈,-,電器
電球,でんきゅう,Noun,[0],電燈泡,-,電器
除湿機,じょしつき,Noun,[3],除濕機,-,電器
電子辞書,でんしじしょ,Noun,[4],電子辭典,-,電器
Bell,ベル,Noun,[1],電鈴(bell),-,電器
Software,ソフト,Noun,[1],軟體(software),-,電器
Hardware,ハード,Noun,[1],硬體(hardware),-,電器
Stero,ステレオ,Noun,[0],立體音響,-,電器
Printer,プリンター,Noun,[0],印表機,-,電器
Keyboard,キーボード,Noun,[3],鍵盤,-,電器
Computer,コンピューター,Noun,[3],電腦,-,電器
Digital Camera,デジタルカメラ,Noun,[5],數位相機,-,電器
指輪,ゆびわ,Noun,[0],戒指,-,服飾
手袋,てぶくろ,Noun,[2],手套,-,服飾
Suit,スーツ,Noun,[1],西裝套(suit),-,服飾
Sandals,サンダル,Noun,[0],涼鞋,-,服飾
Accessories,アクセサリー,Noun,[1],飾品,-,服飾
船,ふね,Noun,[1],船,-,交通工具
港,みなと,Noun,[0],港口/碼頭,-,交通工具
線路,せんろ,Noun,[1],鐵軌/鐵路,-,交通工具
汽車,きしゃ,Noun,[2],蒸汽火車,-,交通工具
列車,れっしゃ,Noun,[0],列車,-,交通工具
特急,とっきゅう,Noun,[0],特快車,-,交通工具
乗り物,のりもの,Noun,[0],交通工具,-,交通工具
新幹線,しんかんせん,Noun,[3],新幹線,-,交通工具
Escalator,エスカレーター,Noun,[4],電扶梯,-,交通工具
Motorbike,オートバイ,Noun,[3],摩托車,-,交通工具
葉,は,Noun,[0],葉子,-,大自然
火,ひ,Noun,[1],火,-,大自然
日,ひ,Noun,[0],日/白天/陽光,-,大自然
月,つき,Noun,[2],月/月亮,-,大自然
枝,えだ,Noun,[0],樹枝,-,大自然
森,もり,Noun,[0],森林,-,大自然
雲,くも,Noun,[1],雲,-,大自然
星,ほし,Noun,[0],星星,-,大自然
石,いし,Noun,[2],石頭,-,大自然
砂,すな,Noun,[0],沙子,-,大自然
光,ひかり,Noun,[3],光輝、光,-,大自然
景色,けしき,Noun,[1],景色/風景,-,大自然
空気,くうき,Noun,[1],空氣,-,大自然
地震,じしん,Noun,[0],地震,-,大自然
台風,たいふう,Noun,[3],颱風,-,大自然
天気予報,てんきよほう,Noun,[4],氣象預報,-,大自然
Gas,ガス,Noun,[1],瓦斯,-,大自然
米,こめ,Noun,[0],米,-,食物
豚カツ,とんかつ,Noun,[0],炸豬排,-,食物
カツ丼,かつどん,Noun,[0],豬排蓋飯,-,食物
食料品,しょくりょうひん,Noun,[0],食品,-,食物
味噌,みそ,Noun,[1],味噌;豆醬,-,食物
葡萄,ぶどう,Noun,[0],葡萄,-,食物
Cake,ケーキ,Noun,[1],蛋糕,-,食物
Salad,サラダ,Noun,[1],沙拉,-,食物
Jam,ジャム,Noun,[1],果醬,-,食物
Beef,ビーフ,Noun,[1],牛肉,-,食物
Steak,ステーキ,Noun,[2],牛排,-,食物
Hamburg,ハンバーグ,Noun,[3],漢堡肉,-,食物
Hamburger,ハンバーガー,Noun,[3],漢堡,-,食物
Pork Steak,ポークステーキ,Noun,[5],豬排,-,食物
市,し,Noun,[1],市,-,場所
都,と,Noun,[1],都市,-,場所
坂,さか,Noun,[2],坡道,-,場所
島,しま,Noun,[2],島嶼,-,場所
席,せき,Noun,[1],座位,-,場所
壁,かべ,Noun,[0],牆壁,-,場所
寺,てら,Noun,[2],寺廟,-,場所
隅,すみ,Noun,[1],角落,-,場所
裏,うら,Noun,[2],裡面/反面,-,場所
表,おもて,Noun,[3],表面/正面,-,場所
間,あいだ,Noun,[0],中間/之間,-,場所
湖,みずうみ,Noun,[3],湖,-,場所
屋根,やね,Noun,[1],屋頂,-,場所
以下,いか,Noun,[1],以下,-,場所
以外,いがい,Noun,[1],以外,-,場所
以内,いない,Noun,[1],以內,-,場所
以上,いじょう,Noun,[1],以上,-,場所
遠く,とおく,Noun,[3],遠,-,場所
通り,とおり,Noun,[3],大街道,-,場所
世界,せかい,Noun,[1],世界,-,場所
床屋,とこや,Noun,[0],理髮店,-,場所
田舎,いなか,Noun,[0],鄉下,-,場所
郊外,こうがい,Noun,[1],郊區,-,場所
国際,こくさい,Noun,[0],國際,-,場所
西洋,せいよう,Noun,[1],西洋,-,場所
神社,じんじゃ,Noun,[1],神社,-,場所
旅館,りょかん,Noun,[0],旅館,-,場所
海岸,かいがん,Noun,[0],海岸,-,場所
受付,うけつけ,Noun,[0],櫃檯,-,場所
講堂,こうどう,Noun,[0],禮堂,-,場所
途中,とちゅう,Noun,[0],途中/中途,-,場所
近所,きんじょ,Noun,[1],近處/附近,-,場所
会場,かいじょう,Noun,[0],會場,-,場所
工場,こうじょう,Noun,[3],工廠,-,場所
教会,きょうかい,Noun,[0],教會,-,場所
住所,じゅうしょ,Noun,[1],住址/住處,-,場所
売り場,うりば,Noun,[0],賣場,-,場所
事務所,じむしょ,Noun,[2],事務所,-,場所
真ん中,まんなか,Noun,[0],正中間,-,場所
美容院,びよういん,Noun,[2],美容院,-,場所
会議室,かいぎしつ,Noun,[3],會議室,-,場所
展覧会,てんらんかい,Noun,[3],展覽會,-,場所
動物園,どうぶつえん,Noun,[4],動物園,-,場所
美術館,びじゅつかん,Noun,[3],美術館,-,場所
新聞社,しんぶんしゃ,Noun,[3],報社,-,場所
研究室,けんきゅうしつ,Noun,[3],研究室,-,場所
駐車場,ちゅうしゃじょう,Noun,[0],停車場,-,場所
うち,うち,Noun,[0],之間/裡面,-,場所
Building,ビル,Noun,[1],大樓(bill),-,場所
Asia,アジア,Noun,[1],亞洲(Asia),-,場所
Africa,アフリカ,Noun,[0],非洲(Africa),-,場所
America,アメリカ,Noun,[0],美國(America),-,場所
Tennis Court,テニスコート,Noun,[4],網球場,-,場所
Gasoline stand,ガソリンスタンド,Noun,[6],加油站,-,場所
Supermarket,スーパーマーケット,Noun,[5],超市,-,場所
血,ち,Noun,[0],血,-,身心
背,せ,Noun,[1],身長,-,身心
毛,け,Noun,[0],毛,-,身心
首,くび,Noun,[0],脖子,-,身心
腕,うで,Noun,[2],手臂、腕力、本事,-,身心
指,ゆび,Noun,[2],手指,-,身心
味,あじ,Noun,[0],味道,-,身心
音,おと,Noun,[2],聲音,-,身心
力,ちから,Noun,[3],力氣,-,身心
熱,ねつ,Noun,[2],熱、燒,-,身心
心,こころ,Noun,[2],心、精神,-,身心
髭,ひげ,Noun,[0],鬍鬚,-,身心
背中,せなか,Noun,[0],背,-,身心
匂い,におい,Noun,[2],香味,-,身心
香り,かおり,Noun,[0],香味,-,身心
手首,てくび,Noun,[1],手腕,-,身心
気分,きぶん,Noun,[1],心情、狀況,-,身心
気持ち,きもち,Noun,[0],心情,-,身心
パパ,パパ,Noun,[1],爸爸,-,職稱
ママ,ママ,Noun,[1],媽媽,-,職稱
すり,すり,Noun,[1],扒手,-,職稱
レジ,レジ,Noun,[1],收銀機/收銀員,-,職稱
お宅,おたく,Noun,[0],府上/您家,-,職稱
家内,かない,Noun,[1],內人/妻子/太太,-,職稱
市民,しみん,Noun,[1],市民,-,職稱
彼ら,かれら,Noun,[1],他們,-,職稱
主人,しゅじん,Noun,[1],外子/丈夫/先生,-,職稱
泥棒,どろぼう,Noun,[0],小偷,-,職稱
国民,こくみん,Noun,[0],國民,-,職稱
お客,おきゃく,Noun,[0],客人,-,職稱
店員,てんいん,Noun,[0],店員,-,職稱
課長,かちょう,Noun,[0],課長,-,職稱
部長,ぶちょう,Noun,[0],部門總經理,-,職稱
社長,しゃちょう,Noun,[0],總裁/老闆,-,職稱
両方,りょうほう,Noun,[3],雙方,-,職稱
運転手,うんてんしゅ,Noun,[3],司機,-,職稱
看護師,かんごし,Noun,[3],護士(不分男女),-,職稱
歯医者,はいしゃ,Noun,[1],牙醫,-,職稱
赤ん坊,あかんぼう,Noun,[0],嬰兒,-,職稱
赤ちゃん,あかちゃん,Noun,[1],嬰兒,-,職稱
お嬢さん,おじょうさん,Noun,[2],令千金/小姐,-,職稱
お金持ち,おかねもち,Noun,[4],富翁/有錢人,-,職稱
Announcer,アナウンサー,Noun,[3],廣播員,-,職稱
一度,いちど,Noun,[3],一次,-,數字與時間
一回,いっかい,Noun,[3],一次,-,數字與時間
一杯,いっぱい,Noun,[1],一杯,-,數字與時間
明日,あす,Noun,[2],明天,-,數字與時間
今度,こんど,Noun,[1],這次/下次,-,數字與時間
今回,こんかい,Noun,[1],這次,-,數字與時間
今夜,こんや,Noun,[1],今晚,-,數字與時間
最近,さいきん,Noun,[0],最近,-,數字與時間
最初,さいしょ,Noun,[0],最初/首次,-,數字與時間
最後,さいご,Noun,[1],最後,-,數字與時間
正月,しょうがつ,Noun,[4],正月,-,數字與時間
時代,じだい,Noun,[0],時代,-,數字與時間
昼間,ひるま,Noun,[3],白天,-,數字與時間
歴史,れきし,Noun,[0],歷史,-,數字與時間
昔,むかし,Noun,[0],從前/以前,-,數字與時間
久しぶり,ひさしぶり,Noun,[0],久/久違,-,數字與時間