Expression,Kana,Type,Accent,Chinese-Meaning,Verb-Type
言う,いう,Verb,[0],說,他五
売る,うる,Verb,[0],賣,他五
置く,おく,Verb,[0],放置,他五
押す,おす,Verb,[0],推/按/壓,他五
買う,かう,Verb,[0],買,他五
書く,かく,Verb,[1],寫,他五
貸す,かす,Verb,[0],借(出),他五
聞く,きく,Verb,[0],聽/問,他五
切る,きる,Verb,[1],切割/中斷,他五
消す,けす,Verb,[0],消除/擦掉,他五
知る,しる,Verb,[0],知道,他五
吸う,すう,Verb,[0],吸,他五
出す,だす,Verb,[1],拿出/提出,他五
撮る,とる,Verb,[1],拍照/攝影,他五
取る,とる,Verb,[1],拿取,他五
脱ぐ,ぬぐ,Verb,[1],脫(衣物等),他五
飲む,のむ,Verb,[1],喝,他五
穿く,はく,Verb,[0],穿(褲子等),他五
履く,はく,Verb,[0],穿(鞋子等),他五
貼る,はる,Verb,[0],張貼,他五
引く,ひく,Verb,[0],拉/引誘/抽,他五
弾く,ひく,Verb,[0],彈奏,他五
吹く,ふく,Verb,[1],吹,他五
待つ,まつ,Verb,[1],等待,他五
持つ,もつ,Verb,[1],拿/持有,他五
呼ぶ,よぶ,Verb,[0],呼叫/稱呼,他五
読む,よむ,Verb,[1],讀/唸,他五
洗う,あらう,Verb,[0],洗(手.物品),他五
歌う,うたう,Verb,[0],唱,他五
頼む,たのむ,Verb,[2],拜託/請求,他五
使う,つかう,Verb,[0],使用,他五
作る,つくる,Verb,[2],製作/做,他五
習う,ならう,Verb,[2],學習/用功,他五
話す,はなす,Verb,[2],說/談/討論,他五
磨く,みがく,Verb,[0],磨/刷(牙),他五
渡す,わたす,Verb,[0],交給/渡過,他五
返す,かえす,Verb,[1],回答/返回,他五
やる,やる,Verb,[0],做/玩,他五
さす,さす,Verb,[1],撐(傘),他五
なくす,なくす,Verb,[0],弄丟/丟失,他五
かぶる,かぶる,Verb,[2],戴(帽子等),他五
くださる,くださる,Verb,[3],給,他五
コピーする,コピーする,Verb,[1],拷貝/影印,他サ
質問する,しつもんする,Verb,[0],提問,他サ
洗濯する,せんたくする,Verb,[0],洗(衣物),他サ
掃除する,そうじする,Verb,[0],打掃,他サ
勉強する,べんきょうする,Verb,[0],學習/用功,他サ
練習する,れんしゅうする,Verb,[0],練習,他サ
着る,きる,Verb,[0],穿(上衣等),他上
見る,みる,Verb,[1],看,他上
浴びる,あびる,Verb,[0],淋浴/蒙受,他上
借りる,かりる,Verb,[0],借(入),他上
開ける,あける,Verb,[0],打開,他下
入れる,いれる,Verb,[0],放入,他下
締める,しめる,Verb,[2],繫上/減縮,他下
閉める,しめる,Verb,[2],關閉,他下
食べる,たべる,Verb,[2],吃,他下
見せる,みせる,Verb,[2],讓看/展現,他下
教える,おしえる,Verb,[0],教導/告訴,他下
勤める,つとめる,Verb,[3],任職/工作,他下
並べる,ならべる,Verb,[0],並列/排列,他下
かける,かける,Verb,[2],戴上/花費/撥打(電話),他下
あげる,あげる,Verb,[0],抬/舉/舉行,他下
つける,つける,Verb,[2],安裝/佩帶,他下
なる,なる,Verb,[1],成為/組成,自五
会う,あう,Verb,[1],遇見/見面,自五
開く,あく,Verb,[0],開,自五
ある,ある,Verb,[1],有/在,自五
行く,いく,Verb,[0],去/往,自五
要る,いる,Verb,[0],要/需要,自五
咲く,さく,Verb,[0],開(花),自五
死ぬ,しぬ,Verb,[0],死,自五
住む,すむ,Verb,[1],居住,自五
立つ,たつ,Verb,[1],站/立,自五
着く,つく,Verb,[1],到達/碰觸/就坐,自五
飛ぶ,とぶ,Verb,[0],飛/跳,自五
泣く,なく,Verb,[0],哭泣,自五
鳴く,なく,Verb,[0],動物鳴叫,自五
乗る,のる,Verb,[0],乘坐/乘勢,自五
吹く,ふく,Verb,[1],吹,自五
降る,ふる,Verb,[1],下(雨)/降下,自五
泳ぐ,およぐ,Verb,[2],游泳,自五
帰る,かえる,Verb,[1],回去/回家,自五
曇る,くもる,Verb,[2],陰天,自五
困る,こまる,Verb,[2],困擾/為難,自五
座る,すわる,Verb,[0],坐下,自五
違う,ちがう,Verb,[0],不同/錯誤,自五
並ぶ,ならぶ,Verb,[0],排列,自五
登る,のぼる,Verb,[0],登/上升,自五
入る,はいる,Verb,[1],進入/裝有,自五
走る,はしる,Verb,[2],跑/行駛(車),自五
渡る,わたる,Verb,[0],渡過/經過,自五
遊ぶ,あそぶ,Verb,[0],玩耍,自五
歩く,あるく,Verb,[2],走/步行,自五
終わる,おわる,Verb,[0],結束,自五
掛かる,かかる,Verb,[2],掛著/花費,自五
閉まる,しまる,Verb,[2],關閉,自五
止まる,とまる,Verb,[0],停住/停止,自五
始まる,はじまる,Verb,[0],開始,自五
曲がる,まがる,Verb,[0],轉彎/傾斜,自五
分かる,わかる,Verb,[2],理解/明白,自五
来る,くる,Verb,[1],來,自カ
結婚する,けっこんする,Verb,[0],結婚,自サ
散歩する,さんぽする,Verb,[0],散步,自サ
旅行する,りょこうする,Verb,[0],旅行,自サ
居る,いる,Verb,[0],有/在,自上
起きる,おきる,Verb,[2],起來/發生,自上
降りる,おりる,Verb,[2],下(車.樓梯),自上
出来る,できる,Verb,[2],能/可以,自上
出る,でる,Verb,[1],出來/離開,自下
寝る,ねる,Verb,[0],睡覺,自下
覚える,おぼえる,Verb,[3],記住/學會,自下
消える,きえる,Verb,[0],消失,自下
答える,こたえる,Verb,[3],回答,自下
疲れる,つかれる,Verb,[3],疲累,自下
晴れる,はれる,Verb,[2],放晴,自下
生まれる,うまれる,Verb,[0],出生/產生,自下
出掛ける,でかける,Verb,[0],出門/出去,自下
暑い,あつい,Adjective,[2],熱的,-
寒い,さむい,Adjective,[2],冷的,-
熱い,あつい,Adjective,[2],燙的、熱心,-
冷たい,つめたい,Adjective,[0],冰涼、無情,-
暖かい,あたたかい,Adjective,[4],溫暖,-
涼しい,すずしい,Adjective,[3],涼爽,-
温い,ぬるい,Adjective,[2],微溫,-
厚い,あつい,Adjective,[0],厚的,-
薄い,うすい,Adjective,[0],薄的,-
近い,ちかい,Adjective,[2],近的,-
遠い,とおい,Adjective,[0],遠的,-
弱い,よわい,Adjective,[2],弱的,-
強い,つよい,Adjective,[2],強的,-
軽い,かるい,Adjective,[0],輕的,-
重い,おもい,Adjective,[0],重的,-
狭い,せまい,Adjective,[2],狹窄,-
広い,ひろい,Adjective,[2],寬廣,-
早い,はやい,Adjective,[2],早的,-
速い,はやい,Adjective,[2],快的,-
遅い,おそい,Adjective,[0],慢的、晚的,-
太い,ふとい,Adjective,[2],粗的、胖的,-
細い,ほそい,Adjective,[2],細的,-
短い,みじかい,Adjective,[3],短的,-
長い,ながい,Adjective,[2],長的,-
安い,やすい,Adjective,[2],便宜,-
高い,たかい,Adjective,[2],貴的、高的,-
低い,ひくい,Adjective,[2],矮的,-
良い,いい,Adjective,[1],好的,-
良い,よい,Adjective,[1],好的,-
悪い,わるい,Adjective,[2],壞的,-
汚い,きたない,Adjective,[3],髒的,-
新しい,あたらしい,Adjective,[4],新的,-
古い,ふるい,Adjective,[2],舊的,-
面白い,おもしろい,Adjective,[4],有趣的,-
つまらない,つまらない,Adjective,[3],無聊的,-
大きい,おおきい,Adjective,[3],大的,-
小さい,ちいさい,Adjective,[3],小的,-
甘い,あまい,Adjective,[0],甜的,-
美味しい,おいしい,Adjective,[0],好吃、好喝,-
まずい,まずい,Adjective,[2],難吃、難喝,-
易しい,やさしい,Adjective,[0],簡單,-
難しい,むずかしい,Adjective,[4],難的,-
優しい,やさしい,Adjective,[0],溫柔,-
厳しい,きびしい,Adjective,[3],嚴格,-
ない,ない,Adjective,[1],沒有、無,-
痛い,いたい,Adjective,[2],痛的、痛苦,-
丸い,まるい,Adjective,[0],圓的,-
若い,わかい,Adjective,[2],年輕,-
危ない,あぶない,Adjective,[0],危險,-
忙しい,いそがしい,Adjective,[4],忙碌,-
可愛い,かわいい,Adjective,[3],可愛,-
楽しい,たのしい,Adjective,[3],快樂,-
欲しい,ほしい,Adjective,[2],想要的,-
うるさい,うるさい,Adjective,[3],吵、囉嗦,-
青い,あおい,Adjective,[2],藍的、青的、綠的,-
赤い,あかい,Adjective,[0],紅色的,-
黒い,くろい,Adjective,[2],黑色的,-
白い,しろい,Adjective,[2],白色的,-
黄色い,きいろい,Adjective,[0],黃色的,-
暗い,くらい,Adjective,[0],暗暗的,-
明るい,あかるい,Adjective,[0],明亮的,-
嫌,いや,Adjectival-Noun,[2],不要、討厭,-
嫌い,きらい,Adjectival-Noun,[0],討厭,-
結構,けっこう,Adjectival-Noun,[1],很好、很夠,-
上手,じょうず,Adjectival-Noun,[3],高明、擅長,-
下手,へた,Adjectival-Noun,[2],笨拙、不好,-
色々,いろいろ,Adjectival-Noun,[0],各式各樣,-
同じ,おなじ,Adjectival-Noun,[0],一樣、相同,-
綺麗,きれい,Adjectival-Noun,[1],漂亮、乾淨,-
丈夫,じょうぶ,Adjectival-Noun,[0],堅固、結實,-
大切,たいせつ,Adjectival-Noun,[0],重要、珍惜,-
大変,たいへん,Adjectival-Noun,[0],嚴重、非常,-
便利,べんり,Adjectival-Noun,[1],方便,-
本当,ほんとう,Adjectival-Noun,[0],真的、真實,-
有名,ゆうめい,Adjectival-Noun,[0],有名,-
立派,りっぱ,Adjectival-Noun,[0],出色、華麗、偉大,-
静か,しずか,Adjectival-Noun,[1],安靜,-
賑やか,にぎやか,Adjectival-Noun,[2],熱鬧、繁華,-
大好き,だいすき,Adjectival-Noun,[1],最喜歡,-
大丈夫,だいじょうぶ,Adjectival-Noun,[3],不要緊、沒關係、放心,-
真っ直ぐ,まっすぐ,Adjectival-Noun,[3],筆直,-
一つ,ひとつ,Noun,2,一個、一歲,-
二つ,ふたつ,Noun,3,兩個、兩歲,-
三つ,みっつ,Noun,3,三個、三歲,-
四つ,よっつ,Noun,3,四個、四歲,-
五つ,いつつ,Noun,2,五個、五歲,-
六つ,むっつ,Noun,3,六個、六歲,-
七つ,ななつ,Noun,2,七個、七歲,-
八つ,やっつ,Noun,3,八個、八歲,-
九つ,ここのつ,Noun,2,九個、九歲,-
十（訓讀/和音）,とお,Noun,1,十個、十歲,-
一,いち,Noun,2,一,-
二,に,Noun,1,二,-
三,さん,Noun,0,三,-
四,し,Noun,1,四,-
五,ご,Noun,1,五,-
六,ろく,Noun,2,六,-
七,しち,Noun,2,七,-
八,はち,Noun,2,八,-
九,きゅう,Noun,1,九,-
十（音讀/漢音）,じゅう,Noun,1,十,-
零,れい,Noun,1,零,-
百,ひゃく,Noun,2,百,-
千,せん,Noun,1,千,-
万,まん,Noun,1,萬,-
二百,にひゃく,Noun,3,兩百,-
三百,さんびゃく,Noun,1,三百,-
四百,よんひゃく,Noun,1,四百,-
五百,ごひゃく,Noun,3,五百,-
六百,ろっぴゃく,Noun,4,六百,-
七百,ななひゃく,Noun,2,七百,-
八百,はっぴゃく,Noun,4,八百,-
九百,きゅうひゃく,Noun,1,九百,-
二千,にせん,Noun,2,二千,-
三千,さんぜん,Noun,3,三千,-
四千,よんせん,Noun,3,四千,-
五千,ごせん,Noun,2,五千,-
六千,ろくせん,Noun,3,六千,-
七千,ななせん,Noun,3,七千,-
八千,はっせん,Noun,3,八千,-
九千,きゅうせん,Noun,3,九千,-
一年,いちねん,Noun,2,一年,-
二年,にねん,Noun,1,二年,-
三年,さんねん,Noun,0,三年,-
四年,よねん,Noun,0,四年,-
五年,ごねん,Noun,0,五年,-
六年,ろくねん,Noun,2,六年,-
七年,しちねん,Noun,2,七年,-
八年,はちねん,Noun,2,八年,-
九年,きゅうねん,Noun,1,九年,-
十年,じゅうねん,Noun,1,十年,-
一月,いちがつ,Noun,4,一月,-
二月,にがつ,Noun,3,二月,-
三月,さんがつ,Noun,1,三月,-
四月,しがつ,Noun,3,四月,-
五月,ごがつ,Noun,1,五月,-
六月,ろくがつ,Noun,4,六月,-
七月,しちがつ,Noun,4,七月,-
八月,はちがつ,Noun,4,八月,-
九月,くがつ,Noun,1,九月,-
十月,じゅうがつ,Noun,4,十月,-
十一月,じゅういちがつ,Noun,6,十一月,-
十二月,じゅうにがつ,Noun,5,十二月,-
一ヶ月,いっかげつ,Noun,3,一個月,-
二ヶ月,にかげつ,Noun,2,兩個月,-
三ヶ月,さんかげつ,Noun,3,三個月,-
四ヶ月,よんかげつ,Noun,3,四個月,-
五ヶ月,ごかげつ,Noun,2,五個月,-
六ヶ月,ろっかげつ,Noun,3,六個月,-
七ヶ月,ななかげつ,Noun,3,七個月,-
八ヶ月,はっかげつ,Noun,3,八個月,-
九ヶ月,きゅうかげつ,Noun,3,九個月,-
十ヶ月,じゅっかげつ,Noun,3,十個月,-
十一ヶ月,じゅういっかげつ,Noun,5,十一個月,-
十二ヶ月,じゅうにかげつ,Noun,4,十二個月,-
一日（日曆上的 1 號）,ついたち,Noun,4,一日（日曆上的 1 號）,-
二日（日曆上的 2 號）,ふつか,Noun,0,二日（日曆上的 2 號）,-
三日（日曆上的 3 號）,みっか,Noun,0,三日（日曆上的 3 號）,-
四日（日曆上的 4 號）,よっか,Noun,0,四日（日曆上的 4 號）,-
五日（日曆上的 5 號）,いつか,Noun,3,五日（日曆上的 5 號）,-
六日（日曆上的 6 號）,むいか,Noun,0,六日（日曆上的 6 號）,-
七日（日曆上的 7 號）,なのか,Noun,0,七日（日曆上的 7 號）,-
八日（日曆上的 8 號）,ようか,Noun,0,八日（日曆上的 8 號）,-
九日（日曆上的 9 號）,ここのか,Noun,4,九日（日曆上的 9 號）,-
十日（日曆上的 10 號）,とおか,Noun,0,十日（日曆上的 10 號）,-
十四日（日曆上的 14 號）,じゅうよっか,Noun,3,十四日（日曆上的 14 號）,-
二十日（日曆上的 20 號）,はつか,Noun,0,二十日（日曆上的 20 號）,-
二十九日（日曆上的 29,にじゅうくにち,Noun,1,二十九日（日曆上的 29 號）,-
日曜日,にちようび,Noun,3,星期日,-
月曜日,げつようび,Noun,3,星期一,-
火曜日,かようび,Noun,2,星期二,-
水曜日,すいようび,Noun,3,星期三,-
木曜日,もくようび,Noun,3,星期四,-
金曜日,きんようび,Noun,3,星期五,-
土曜日,どようび,Noun,2,星期六,-
一時,いちじ,Noun,2,一點,-
二時,にじ,Noun,1,兩點,-
三時,さんじ,Noun,1,三點,-
四時,よじ,Noun,1,四點,-
五時,ごじ,Noun,1,五點,-
六時,ろくじ,Noun,2,六點,-
七時,しちじ,Noun,2,七點,-
八時,はちじ,Noun,2,八點,-
九時,くじ,Noun,1,九點,-
十時,じゅうじ,Noun,1,十點,-
一分,いっぷん,Noun,1,一分,-
二分,にふん,Noun,1,兩分,-
三分,さんぷん,Noun,1,三分,-
四分,よんぷん,Noun,1,四分,-
五分,ごふん,Noun,1,五分,-
六分,ろっぷん,Noun,1,六分,-
七分,ななふん,Noun,1,七分,-
八分,はっぷん,Noun,1,八分,-
九分,きゅうふん,Noun,1,九分,-
十分,じゅっぷん,Noun,1,十分,-
一秒,いちびょう,Noun,2,一秒,-
二秒,にびょう,Noun,1,二秒,-
三秒,さんびょう,Noun,1,三秒,-
四秒,よんびょう,Noun,1,四秒,-
五秒,ごびょう,Noun,1,五秒,-
六秒,ろくびょう,Noun,2,六秒,-
七秒,ななびょう,Noun,2,七秒,-
八秒,はちびょう,Noun,2,八秒,-
九秒,きゅうびょう,Noun,1,九秒,-
十秒,じゅうびょう,Noun,1,十秒,-
零時,れいじ,Noun,1,零時整點(午夜 12 點),-
家族,かぞく,Noun,1,家族、家人,-
両親,りょうしん,Noun,1,父母,-
祖父,そふ,Noun,1,爺爺、阿公、外公,-
祖母,そぼ,Noun,1,奶奶、阿嬤、外婆,-
父,ちち,Noun,2,爸爸,-
母,はは,Noun,1,媽媽,-
叔父,おじ,Noun,0,叔叔、伯父,-
叔母,おば,Noun,0,阿姨、伯母,-
夫,おっと,Noun,0,丈夫、外子,-
妻,つま,Noun,1,妻子、內人,-
兄弟,きょうだい,Noun,1,兄弟姐妹,-
兄,あに,Noun,1,哥哥,-
姉,あね,Noun,0,姐姐,-
弟,おとうと,Noun,4,弟弟,-
妹,いもうと,Noun,4,妹妹,-
息子,むすこ,Noun,0,兒子,-
娘,むすめ,Noun,3,女兒,-
孫,まご,Noun,2,孫子,-
従兄弟,いとこ,Noun,2,表兄弟姐妹,-
ご家族,ごかぞく,Noun,2,家族、家人,-
ご両親,ごりょうしん,Noun,2,父母,-
お爺さん,おじいさん,Noun,2,令祖父,-
お婆さん,おばあさん,Noun,2,令祖母,-
お父さん,おとうさん,Noun,2,令尊,-
お母さん,おかあさん,Noun,2,令堂,-
叔父さん,おじさん,Noun,0,叔父/伯父/叔叔,-
叔母さん,おばさん,Noun,0,叔母/伯母/阿姨,-
ご主人,ごしゅじん,Noun,2,先生/令夫君,-
奥さん,おくさん,Noun,1,太太/尊夫人,-
ご兄弟,ごきょうだい,Noun,2,兄弟姐妹,-
お兄さん,おにいさん,Noun,2,令兄,-
お姉さん,おねえさん,Noun,2,令姐,-
弟さん,おとうとさん,Noun,4,令弟,-
妹さん,いもうとさん,Noun,4,令妹,-
お子さん,おこさん,Noun,0,孩子,-
息子さん,むすこさん,Noun,0,令郎,-
娘さん,むすめさん,Noun,0,令媛,-
体,からだ,Noun,0,身體,-
頭,あたま,Noun,3,頭,-
髪,かみ,Noun,2,頭髮,-
顔,かお,Noun,0,臉、表情,-
目,め,Noun,1,眼睛,-
耳,みみ,Noun,2,耳朵,-
鼻,はな,Noun,0,鼻子,-
喉,のど,Noun,1,喉嚨,-
口,くち,Noun,0,嘴巴,-
歯,は,Noun,1,牙齒,-
声,こえ,Noun,1,聲音,-
手,て,Noun,1,手,-
足,あし,Noun,2,腳,-
お腹,おなか,Noun,0,肚子,-
先生,せんせい,Noun,3,老師,-
教師,きょうし,Noun,1,教師,-
学生,がくせい,Noun,0,學生,-
生徒,せいと,Noun,1,學生,-
校長,こうちょう,Noun,0,校長(高中以下的校長),-
学長,がくちょう,Noun,0,校長(大學校長),-
先輩,せんぱい,Noun,0,學長、學姐、前輩,-
後輩,こうはい,Noun,0,學弟、學妹、晚輩,-
友達,ともだち,Noun,0,朋友,-
親友,しんゆう,Noun,0,摯友(親近、推心置腹的好友),-
交番,こうばん,Noun,0,警察,-
警察,けいさつ,Noun,0,警察,-
警官,けいかん,Noun,0,警察,-
お巡りさん,おまわりさん,Noun,2,警察,-
留学生,りゅうがくせい,Noun,3,留學生,-
会社員,かいしゃいん,Noun,3,公司職員,-
公務員,こうむいん,Noun,2,公務員,-
salaryman,サラリーマン,Noun,3,上班族,-
場所,ばしょ,Noun,0,場所,-
所,ところ,Noun,0,地方,-
角,かど,Noun,1,角、角落、轉角／かく是角邊,-
橋,はし,Noun,2,橋,-
店,みせ,Noun,2,店家,-
駅,えき,Noun,1,車站,-
村,むら,Noun,2,村落、村莊,-
国,くに,Noun,0,國家,-
町,まち,Noun,2,城鎮,-
道,みち,Noun,0,道路,-
庭,にわ,Noun,0,庭院,-
池,いけ,Noun,2,池塘,-
家,いえ／うち,Noun,2/0,家(いえ重音為 2，うち為 0),-
玄関,げんかん,Noun,1,玄關,-
部屋,へや,Noun,2,房間,-
廊下,ろうか,Noun,0,走廊,-
階段,かいだん,Noun,0,樓梯,-
台所,だいどころ,Noun,0,廚房,-
外国,がいこく,Noun,0,外國,-
建物,たてもの,Noun,2,建築物,-
食堂,しょくどう,Noun,0,餐廳(公司內部餐廳/學生餐廳),-
会社,かいしゃ,Noun,0,公司,-
銀行,ぎんこう,Noun,0,銀行,-
公園,こうえん,Noun,0,公園,-
病院,びょういん,Noun,0,醫院,-
学校,がっこう,Noun,0,學校,-
教室,きょうしつ,Noun,0,教室,-
職員室,しょくいんしつ,Noun,3,教職員室/辦公室,-
地下鉄,ちかてつ,Noun,0,地下鐵,-
バス停,バスてい,Noun,0,公車站,-
喫茶店,きっさてん,Noun,0,咖啡廳/茶館,-
郵便局,ゆうびんきょく,Noun,3,郵局,-
大使館,たいしかん,Noun,3,大使館,-
図書館,としょかん,Noun,2,圖書館,-
八百屋,やおや,Noun,0,蔬菜店,-
映画館,えいがかん,Noun,3,電影院,-
交差点,こうさてん,Noun,0,十字路口,-
入り口,いりぐち,Noun,0,入口,-
出口,でぐち,Noun,1,出口,-
お風呂,おふろ,Noun,2,浴室、澡堂,-
お手洗い,おてあらい,Noun,3,廁所、盥洗室,-
Hotel,ホテル,Noun,1,旅館、飯店,-
Apartment,アパート,Noun,2,公寓(apartment),-
Department,デパート,Noun,2,百貨公司(department),-
Elevator,エレベーター,Noun,3,電梯(elevator),-
Restaurant,レストラン,Noun,1,餐廳(西餐廳),-
Pool,プール,Noun,1,游泳池,-
Toilet,トイレ,Noun,1,廁所(toilet),-
上,うえ,Noun,0,上面,-
下,した,Noun,0,下面,-
左,ひだり,Noun,0,左邊,-
右,みぎ,Noun,0,右邊,-
中,なか,Noun,1,中間,-
前,まえ,Noun,1,前面,-
後ろ,うしろ,Noun,0,後面,-
東,ひがし,Noun,0,東,-
西,にし,Noun,0,西,-
南,みなみ,Noun,0,南,-
北,きた,Noun,0,北,-
内,うち,Noun,0,內部、裡面,-
外,そと,Noun,1,外部、外面,-
辺,へん,Noun,0,附近、一帶,-
隣,となり,Noun,0,旁邊、隔壁,-
横,よこ,Noun,0,旁邊,-
傍,そば,Noun,1,旁邊,-
周り,まわり,Noun,0,周圍,-
向こう,むこう,Noun,2,對面、前方、對方,-
縦,たて,Noun,1,直、縱,-
方,ほう,Noun,1,方向、方面／かた是方法的意思,-
近く,ちかく,Noun,2,附近,-
食べ物,たべもの,Noun,3.2,食物,-
ご飯,ごはん,Noun,1,飯,-
朝ご飯,あさごはん,Noun,3,早飯、早餐,-
昼ご飯,ひるごはん,Noun,3,午飯、午餐,-
晩ご飯,ばんごはん,Noun,3,晩飯、晩餐,-
夕飯,ゆうはん,Noun,0,晩飯、晩餐,-
お弁当,おべんとう,Noun,0,便當,-
果物,くだもの,Noun,2,水果,-
飴,あめ,Noun,0,糖果,-
お菓子,おかし,Noun,2,點心,-
料理,りょうり,Noun,1,料理,-
魚,さかな,Noun,0,魚,-
肉,にく,Noun,2,肉,-
牛肉,ぎゅうにく,Noun,0,牛肉,-
豚肉,ぶたにく,Noun,0,豬肉,-
鶏肉,とりにく,Noun,0,鶏肉,-
野菜,やさい,Noun,0,蔬菜,-
卵,たまご,Noun,2,蛋、卵,-
砂糖,さとう,Noun,2,砂糖,-
塩,しお,Noun,2,鹽巴,-
醤油,しょうゆ,Noun,0,醬油,-
飲み物,のみもの,Noun,2,飲料,-
水,みず,Noun,0,水,-
お茶,おちゃ,Noun,0,茶,-
紅茶,こうちゃ,Noun,0,紅茶,-
牛乳,ぎゅうにゅう,Noun,0,牛奶,-
お酒,おさけ,Noun,0,酒,-
Beer,ビール,Noun,1,啤酒,-
Coffee,コーヒー,Noun,3,珈琲,-
Juice,ジュース,Noun,1,果汁,-
Curry,カレー,Noun,0,咖哩,-
Pan(Bread),パン,Noun,1,麵包,-
Butter,バター,Noun,1,奶油(Butter),-
自然,しぜん,Noun,0,自然、大自然,-
天気,てんき,Noun,1,天氣,-
空,そら,Noun,1,天空,-
山,やま,Noun,2,山,-
川,かわ,Noun,2,河川,-
海,うみ,Noun,1,海,-
風,かぜ,Noun,0,風,-
水,みず,Noun,0,水,-
火,ひ,Noun,1,火（か是五行/ひ是燃燒的火）,-
花,はな,Noun,2,花,-
草,くさ,Noun,2,草,-
木,き,Noun,1,樹木,-
晴れ,はれ,Noun,2,晴天,-
曇り,くもり,Noun,3,陰天,-
雨,あめ,Noun,1,雨、雨天,-
雪,ゆき,Noun,2,雪,-
自転車,じてんしゃ,Noun,2,腳踏車,-
車,くるま,Noun,0,車子,-
電車,でんしゃ,Noun,0.1,電車、火車,-
飛行機,ひこうき,Noun,2,飛機,-
空港,くうこう,Noun,0,機場,-
切符,きっぷ,Noun,0,票、(車票、機票),-
荷物,にもつ,Noun,1,行李,-
Bike,バイク,Noun,1,機車,-
Bus,バス,Noun,1,公車(bus),-
Taxi,タクシー,Noun,1,計程車(taxi),-
着物,きもの,Noun,0,和服,-
服,ふく,Noun,2,衣服,-
和服,わふく,Noun,0,和服,-
洋服,ようふく,Noun,0,西服,-
上着,うわぎ,Noun,0,上衣、外衣,-
下着,したぎ,Noun,0,内衣,-
背広,せびろ,Noun,0,西裝,-
Coat,コート,Noun,1,大衣、外衣,-
Shirt,シャツ,Noun,1,襯衫(shirt),-
T-shirt,T シャツ,Noun,0,T 裇 (Tshirt),-
White-shirt,ワイシャツ,Noun,0,白襯衫(white shirt),-
Sweater,セーター,Noun,1,毛衣(sweater),-
Pocket,ポケット,Noun,2,口袋(pocket),-
Batao (Button),ボタン,Noun,0,釦子、鈕扣(botao)[葡],-
Skirt,スカート,Noun,2,裙子(skirt),-
Jupon (Trouser),ズボン,Noun,2,長褲、西裝褲(jupon)[法],-
Slipper,スリッパ,Noun,2,拖鞋(slipper),-
靴,くつ,Noun,2,鞋子,-
靴下,くつした,Noun,2,襪子,-
電気,でんき,Noun,1,電器,-
電話,でんわ,Noun,0,電話,-
冷蔵庫,れいぞうこ,Noun,3,冰箱,-
扇風機,せんぷうき,Noun,3,電風扇,-
洗濯機,せんたくき,Noun,4,洗衣機,-
炬燵,こたつ,Noun,0,日式暖桌、被爐,-
暖房,だんぼう,Noun,0,暖氣設備、暖爐,-
Television,テレビ,Noun,1,電視(television),-
Video,ビデオ,Noun,1,録像機(video),-
Radio,ラジオ,Noun,1,收音機(radio),-
Camera,カメラ,Noun,1,相機(camera),-
Personal Computer,パソコン,Noun,0,電腦(personalcomputer),-
Air Conditioner,エアコン,Noun,0,冷氣、空調(airconditioner),-
文房具,ぶんぼうぐ,Noun,3,文具,-
筆箱,ふでばこ,Noun,0,鉛筆盒,-
Pen,ペン,Noun,1,筆(pen),-
鉛筆,えんぴつ,Noun,0,鉛筆,-
Mechanical Pencil,シャープペンシル,Noun,4,自動鉛筆(mechanicalpencil),-
万年筆,まんねんひつ,Noun,3,鋼筆,-
Ball Pen,ボールペン,Noun,0,原子筆(ballpoint pen),-
消しゴム,けしゴム,Noun,0,擦子,-
定規,じょうぎ,Noun,1,尺,-
修正液,しゅうせいえき,Noun,3,修正液、立可白,-
Note,ノート,Noun,1,筆記本(note),-
紙,かみ,Noun,2,紙,-
手紙,てがみ,Noun,0,信、信紙,-
葉書,はがき,Noun,0,明信片,-
切手,きって,Noun,3,郵票,-
封筒,ふうとう,Noun,0,信封,-
Post,ポスト,Noun,1,郵筒(post),-
Page,ページ,Noun,0,頁(page),-
本,ほん,Noun,1,書,-
本棚,ほんだな,Noun,1,書架、書櫃,-
辞書,じしょ,Noun,1,字典,-
地図,ちず,Noun,1,地圖,-
暇,ひま,Noun,0,閒暇、有空,-
歌,うた,Noun,2,歌,-
絵,え,Noun,1,圖畫,-
休み,やすみ,Noun,3,休假、休息,-
映画,えいが,Noun,0,電影,-
音楽,おんがく,Noun,1,音樂,-
写真,しゃしん,Noun,0,照片,-
雑誌,ざっし,Noun,0,雜誌,-
新聞,しんぶん,Noun,0,報紙,-
水泳,すいえい,Noun,0,游泳,-
買い物,かいもの,Noun,0,買東西、買的物品,-
Camera,カメラ,Noun,1,相機,-
Guitar,ギター,Noun,1,吉他,-
Tennis,テニス,Noun,1,網球,-
Soccer,サッカー,Noun,1,足球,-
Sport,スポーツ,Noun,2,運動,-
Shower,シャワー,Noun,1,淋浴,-
News,ニュース,Noun,1,新聞,-
Party,パーティー,Noun,1,派對,-
Badminton,バドミントン,Noun,3,羽球,-
春,はる,Noun,1,春,-
夏,なつ,Noun,2,夏,-
秋,あき,Noun,1,秋,-
冬,ふゆ,Noun,2,冬,-
一昨日,おととい,Noun,0,前天,-
昨日,きのう,Noun,2,昨天,-
今日,きょう,Noun,1,今天,-
明日,あした,Noun,3,明天,-
明後日,あさって,Noun,2,後天,-
朝,あさ,Noun,1,早上,-
昼,ひる,Noun,2,白天,-
夜,よる,Noun,1,晚上,-
午前,ごぜん,Noun,1,上午,-
午後,ごご,Noun,1,下午,-
夕方,ゆうがた,Noun,0,傍晚,-
今朝,けさ,Noun,1,今天早上,-
今晩,こんばん,Noun,1,今天晚上,-
夕べ,ゆうべ,Noun,3,傍晚、(或昨晚),-
昨夜,さくや,Noun,1,昨天晚上,-
先週,せんしゅう,Noun,0,上禮拜,-
今週,こんしゅう,Noun,0,這禮拜,-
来週,らいしゅう,Noun,0,下禮拜,-
再来週,さらいしゅう,Noun,0,下下周,-
先月,せんげつ,Noun,1,上個月,-
今月,こんげつ,Noun,0,這個月,-
来月,らいげつ,Noun,1,下個月,-
再来月,さらいげつ,Noun,0,下下月,-
年,とし,Noun,2,年,-
一昨年,おととし,Noun,2,前年,-
去年,きょねん,Noun,1,去年,-
今年,ことし,Noun,0,今年,-
来年,らいねん,Noun,0,明年,-
再来年,さらいねん,Noun,0,後年,-
毎朝,まいあさ,Noun,1,每天早上,-
毎晩,まいばん,Noun,1,每天晚上,-
毎日,まいにち,Noun,1,每天,-
毎週,まいしゅう,Noun,0,每周,-
毎月,まいつき,Noun,0,每月,-
毎年,まいとし,Noun,0,每年,-
時々,ときどき,Noun,2,有時候,-
今,いま,Noun,1,現在、剛才,-
次,つぎ,Noun,2,其次、下個,-
先,さき,Noun,0,先、前、未來,-
後,あと,Noun,1,之後、後面,-
いつ,いつ,Noun,1,什麼時候,-
自分,じぶん,Noun,0,自己,-
自己,じこ,Noun,1,自己,-
皆,みんな,Noun,3,大家,-
皆さん,みなさん,Noun,2,大家,-
大人,おとな,Noun,0,大人,-
子供,こども,Noun,0,小孩,-
男,おとこ,Noun,3,男人,-
男性,だんせい,Noun,0,男姓,-
女,おんな,Noun,3,女人,-
女性,じょせい,Noun,0,女性,-
男の子,おとこのこ,Noun,3,男孩子,-
女の子,おんなのこ,Noun,3,女孩子,-
動物,どうぶつ,Noun,0,動物,-
Pet,ペット,Noun,1,寵物(pet),-
兎,うさぎ,Noun,0,兔子,-
亀,かめ,Noun,1,烏龜,-
鳥,とり,Noun,0,鳥,-
魚,さかな,Noun,0,魚,-
猫,ねこ,Noun,1,貓,-
犬,いぬ,Noun,2,狗,-
ワンちゃん,ワンちゃん,Noun,1,狗,-
色,いろ,Noun,2,顏色,-
赤,あか,Noun,1,紅,-
青,あお,Noun,1,青/藍/綠,-
緑,みどり,Noun,1,綠,-
黒,くろ,Noun,1,黑,-
白,しろ,Noun,1,白,-
黄色,きいろ,Noun,0,黃,-
茶色,ちゃいろ,Noun,0,褐色,-
Gram,グラム,Noun,1,公克(gram),-
Metre,メートル,Noun,0,公尺(metre),-
Kilogram,キログラム,Noun,3,公斤(kilogram),-
Kilometre,キロメートル,Noun,3,公里(kilometre),-
番号,ばんごう,Noun,3,號碼,-
意味,いみ,Noun,1,意思,-
お金,おかね,Noun,0,錢,-
財布,さいふ,Noun,0,錢包,-
花瓶,かびん,Noun,0,花瓶,-
石鹸,せっけん,Noun,0,肥皂,-
時計,とけい,Noun,0,時鐘/手錶,-
灰皿,はいざら,Noun,0,菸灰缸,-
鍵,かぎ,Noun,2,鑰匙,-
傘,かさ,Noun,1,雨傘,-
箱,はこ,Noun,0,箱子,-
ゴミ箱,ゴミばこ,Noun,0,垃圾桶,-
matches,マッチ,Noun,1,火柴,-
Calendar,カレンダー,Noun,2,日曆,-
帽子,ぼうし,Noun,0,帽子,-
眼鏡,めがね,Noun,1,眼鏡,-
鞄,かばん,Noun,0,包包/書包/公事包,-
Necktie,ネクタイ,Noun,1,領帶,-
handkerchief,ハンカチ,Noun,0,手帕,-
箸,はし,Noun,1,筷子,-
茶碗,ちゃわん,Noun,0,飯碗,-
お皿,おさら,Noun,0,碗盤、盤子,-
Knife,ナイフ,Noun,1,小刀子,-
Fork,フォーク,Noun,1,叉子,-
Spoon,スプーン,Noun,2,湯匙,-
Kop (Glass Cup),コップ,Noun,0,玻璃杯(kop),-
Cup,カップ,Noun,1,杯子/獎盃(cup),-
机,つくえ,Noun,0,桌子/書桌/辦公桌,-
Table,テーブル,Noun,0,桌子/圓桌/方桌(table),-
椅子,いす,Noun,0,椅子,-
Bed,ベッド,Noun,1,床(bed),-
床,とこ,Noun,0,(鋪)床,-
床,ゆか,Noun,0,地板,-
たばこ,たばこ,Noun,0,香菸,-
薬,くすり,Noun,0,藥,-
夏休み,なつやすみ,Noun,3,暑假,-
冬休み,ふゆやすみ,Noun,3,寒假,-
言葉,ことば,Noun,3,詞彙、話語,-
質問,しつもん,Noun,0,提問/問題,-
問題,もんだい,Noun,0,問題,-
文章,ぶんしょう,Noun,1,文章,-
文,ぶん,Noun,1,文句/句子,-
Test,テスト,Noun,1,測驗,-
試験,しけん,Noun,1,考試/試驗,-
作文,さくぶん,Noun,0,作文,-
宿題,しゅくだい,Noun,0,作業,-
漢字,かんじ,Noun,0,漢字,-
平仮名,ひらがな,Noun,3,平假名,-
片仮名,かたかな,Noun,3,片假名,-
日本語,にほんご,Noun,0,日文,-
中国語,ちゅうごくご,Noun,0,中文,-
台湾語,たいわんご,Noun,0,台語,-
英語,えいご,Noun,0,英文,-
留学,りゅうがく,Noun,0,留學,-
留学生,りゅうがくせい,Noun,3,留學生,-
大学,だいがく,Noun,0,大學,-
高校,こうこう,Noun,0,高中,-
中学校,ちゅうがっこう,Noun,3,國中/中學,-
小学校,しょうがっこう,Noun,3,國小/小學,-
教室,きょうしつ,Noun,0,教室,-
Class,クラス,Noun,1,班級,-
先生,せんせい,Noun,3,老師,-
教師,きょうし,Noun,1,教師,-
学生,がくせい,Noun,0,學生,-
生徒,せいと,Noun,1,學生,-
元気,げんき,Noun,1,精神/朝氣,-
風邪,かぜ,Noun,0,感冒,-
病気,びょうき,Noun,0,生病/疾病,-
仕事,しごと,Noun,0,工作,-
名前,なまえ,Noun,0,名字/姓名,-
誕生日,たんじょうび,Noun,3,生日,-
使い方,つかいかた,Noun,0,使用方法,-